sample_size,learner,calibration_method,corrected_under_share,corrected_under_value,corrected_over_share,corrected_over_value,induced_over_share,induced_over_value,induced_under_share,induced_under_value,DeltaV
1000,GLMnet,Causal Isotonic,0.0124066666666667,0.000278647329214777,0.0286322222222222,0.000513044846496236,0.0371766666666667,-0.0013449071689139,0.0177477777777778,-0.000328626023814913,-0.000881841017017797
1000,GBRT 8,Causal Isotonic,0.000278888888888889,4.04982040833578e-06,0.186735555555556,0.0130538923985761,0.00135333333333333,-0.000103748129479577,0.0835166666666667,-0.00197232875213523,0.0109818653373696
1000,RF,Causal Isotonic,0.00104444444444444,1.92759696354468e-05,0.125455555555555,0.00814776453802839,0.00316111111111111,-0.000150703424558204,0.0599788888888889,-0.00145132722299928,0.00656500986010635
2000,GLMnet,Causal Isotonic,0.00862333333333333,0.000194767085235593,0.0385977777777778,0.000670199925116891,0.0255377777777778,-0.000907585559784307,0.02327,-0.000422439884782163,-0.000465058434213986
2000,GBRT 8,Causal Isotonic,0.00017,2.85038243350738e-06,0.142056666666667,0.00784361351208647,0.000814444444444444,-3.89473444258071e-05,0.0855144444444444,-0.0020136467174722,0.00579386983262197
2000,RF,Causal Isotonic,0.000373333333333333,7.17170571854038e-06,0.127285555555556,0.0073981324263662,0.00121333333333333,-5.91608202361557e-05,0.0680788888888888,-0.00164570340724238,0.00570043990460621
5000,GLMnet,Causal Isotonic,0.00332444444444444,7.46460437289929e-05,0.0519711111111111,0.000919622290029117,0.00963,-0.000297749743074182,0.0287288888888889,-0.000523017725968172,0.000173500864715755
5000,GBRT 8,Causal Isotonic,0.000877777777777778,1.39359420048108e-05,0.0713411111111111,0.00243116806475263,0.00321222222222222,-0.000103297583862593,0.0687611111111111,-0.00158526440900002,0.000756542013894825
5000,RF,Causal Isotonic,6.66666666666667e-06,9.06367865526436e-08,0.132144444444444,0.00678139346072754,1.44444444444444e-05,-6.2426377410431e-07,0.0810744444444444,-0.00200049528189487,0.00478036455184511
