sample_size,learner,calibration_method,raw_bin,raw_bin_mid,raw_bin_lower,raw_bin_upper,corrected_rate,wrong_rate,total_flip_rate,count
1000,GLMnet,Causal Isotonic,15,-0.145004890204294,-0.153414334240231,-0.13670390165265,0,0,0,40634
1000,GLMnet,Causal Isotonic,10,-0.228549775788449,-0.236974434952779,-0.220262578554702,0,0,0,36479
1000,GLMnet,Causal Isotonic,17,-0.111662837393982,-0.119990255886286,-0.103279596314692,0.00183873103042487,-0.0119394934908922,0.013778224521317,40789
1000,GLMnet,Causal Isotonic,12,-0.195134817315424,-0.203548806499691,-0.186839100011457,0,0,0,39306
1000,GLMnet,Causal Isotonic,18,-0.0949378448817908,-0.10327820702694,-0.0865664114079064,0.00575254153235805,-0.0291842301016613,0.0349367716340193,40330
1000,GLMnet,Causal Isotonic,1,-0.378404489900194,-0.387382750586391,-0.370671233524511,0,0,0,5604
1000,GLMnet,Causal Isotonic,29,0.0883281504678432,0.0805552342052994,0.0972659092451489,0.0426683225405837,-0.0524261509802182,0.0950944735208019,11273
1000,GLMnet,Causal Isotonic,22,-0.0281159440125393,-0.0364298972595505,-0.019718432180729,0.0710174691311072,-0.20988311655384,0.280900585684947,39441
1000,GLMnet,Causal Isotonic,19,-0.078234963928585,-0.0865662585341114,-0.0698549525531601,0.0106062848404124,-0.0518721326032263,0.0624784174436387,40542
1000,GLMnet,Causal Isotonic,23,-0.0113986812135067,-0.0197177626118595,-0.00300680684527066,0.116696731748727,-0.281860144312394,0.398556876061121,37696
1000,GLMnet,Causal Isotonic,7,-0.278597954725098,-0.287110473343387,-0.270399498675797,0,0,0,28626
1000,GLMnet,Causal Isotonic,13,-0.178489287450809,-0.186837335802038,-0.170126837178724,0,0,0,39462
1000,GLMnet,Causal Isotonic,21,-0.0447896407542726,-0.0531421431909106,-0.036430389886759,0.0381024285894048,-0.129734491002894,0.167836919592299,39735
1000,GLMnet,Causal Isotonic,26,0.038527399231803,0.0304182177447201,0.0471296580064549,0.177151041092872,-0.11486908303037,0.292020124123242,27231
1000,GLMnet,Causal Isotonic,4,-0.328484270769227,-0.337245909074379,-0.320535001929738,0,0,0,15320
1000,GLMnet,Causal Isotonic,20,-0.0614713146158007,-0.0698536128758442,-0.0531422265703928,0.0170847967887607,-0.0790015052684395,0.0960863020572002,39860
1000,GLMnet,Causal Isotonic,9,-0.245228586564391,-0.253686166380985,-0.236975306319039,0,0,0,34532
1000,GLMnet,Causal Isotonic,3,-0.345178302441367,-0.353955322313891,-0.337246870440584,0,0,0,11367
1000,GLMnet,Causal Isotonic,11,-0.211828287670913,-0.220262196212171,-0.203551671011805,0,0,0,37787
1000,GLMnet,Causal Isotonic,5,-0.311869363310703,-0.320534337809594,-0.303823215358793,0,0,0,19670
1000,GLMnet,Causal Isotonic,8,-0.261980267288901,-0.270397630482891,-0.253687506405691,0,0,0,31939
1000,GLMnet,Causal Isotonic,28,0.0717132605307612,0.0638420526451172,0.0805518678332864,0.0711917422583672,-0.0675007819831092,0.138692524241476,15985
1000,GLMnet,Causal Isotonic,27,0.0550779012011768,0.0471299750732196,0.0638404758514062,0.0990585533869116,-0.0835820895522388,0.18264064293915,21775
1000,GLMnet,Causal Isotonic,16,-0.128347118021143,-0.136701909093199,-0.119990621958515,0.000711883545671012,-0.00689790608046739,0.0076097896261384,40737
1000,GLMnet,Causal Isotonic,2,-0.361894022447501,-0.370669087832016,-0.353965207995149,0,0,0,7849
1000,GLMnet,Causal Isotonic,25,0.021874291135187,0.013706230908291,0.0304166524658603,0.250972762645914,-0.141417363015883,0.392390125661798,31354
1000,GLMnet,Causal Isotonic,14,-0.161768218658898,-0.170126048710388,-0.153415276518539,0,0,0,39907
1000,GLMnet,Causal Isotonic,6,-0.295187846141723,-0.303821000113322,-0.287110892680197,0,0,0,24158
1000,GLMnet,Causal Isotonic,24,0.00519854398713374,-0.00300574777126462,0.0137058914813498,0.285338983050848,-0.189293785310734,0.474632768361582,35400
1000,GLMnet,Causal Isotonic,30,0.105049326966867,0.0972674607992497,0.11397805923318,0.0195507487520799,-0.0348031059345535,0.0543538546866334,7212
1000,GBRT 8,Causal Isotonic,25,0.0442690479712379,0.0278457913607674,0.0644785880614711,0.63091962346126,-0.296681148925899,0.927600772387159,82860
1000,GBRT 8,Causal Isotonic,9,-0.539746986978107,-0.558297123544949,-0.521667089063941,0,0,0,11126
1000,GBRT 8,Causal Isotonic,20,-0.136377913125725,-0.155324450948398,-0.118691262501985,0,0,0,49098
1000,GBRT 8,Causal Isotonic,14,-0.356522840970751,-0.375124971739312,-0.338495801801556,0,0,0,20257
1000,GBRT 8,Causal Isotonic,16,-0.283067406972753,-0.301860515581383,-0.265228393136691,0,0,0,25354
1000,GBRT 8,Causal Isotonic,23,-0.026249709875979,-0.0454223265941217,-0.0087885195069425,0.0014271672148501,-0.00665381271029451,0.00808097992514461,105804
1000,GBRT 8,Causal Isotonic,8,-0.576219642832531,-0.594928409712201,-0.558306705302323,0,0,0,9809
1000,GBRT 8,Causal Isotonic,22,-0.0628677528931159,-0.0820559524862904,-0.0454225933234472,0.000238951631159293,-0.00247755112307267,0.00271650275423196,79514
1000,GBRT 8,Causal Isotonic,3,-0.759213125797752,-0.778102186180343,-0.741481444895042,0,0,0,4557
1000,GBRT 8,Causal Isotonic,13,-0.39313385693496,-0.41176259085129,-0.375129773079841,0,0,0,17777
1000,GBRT 8,Causal Isotonic,24,0.00929653169276206,-0.00878819767140417,0.0278454693719335,0.531702102977976,-0.206759690436339,0.738461793414315,120686
1000,GBRT 8,Causal Isotonic,26,0.080805116112851,0.0644798191528536,0.101111360067788,0.577650946230099,-0.29727106777272,0.874922014002819,43277
1000,GBRT 8,Causal Isotonic,19,-0.173061376432692,-0.191956855497742,-0.155327460765836,0,0,0,40203
1000,GBRT 8,Causal Isotonic,4,-0.722558758818841,-0.741453784040634,-0.704848030362657,0,0,0,5380
1000,GBRT 8,Causal Isotonic,7,-0.612709226882997,-0.63156273693268,-0.594940388188188,0,0,0,8725
1000,GBRT 8,Causal Isotonic,10,-0.502934577596147,-0.521665171059349,-0.48503773305923,0,0,0,12657
1000,GBRT 8,Causal Isotonic,21,-0.0997204333572914,-0.118689179427766,-0.0820567188114587,0,0,0,61507
1000,GBRT 8,Causal Isotonic,30,0.227976518621152,0.211019539399599,0.247650046539034,0.437836624775584,-0.187836624775584,0.625673249551167,4456
1000,GBRT 8,Causal Isotonic,17,-0.246376544967902,-0.265224540023628,-0.22859422134923,0,0,0,29417
1000,GBRT 8,Causal Isotonic,5,-0.686107793324872,-0.704831076973496,-0.668203770362155,0,0,0,6460
1000,GBRT 8,Causal Isotonic,27,0.117522853361214,0.101115101554195,0.13774735241534,0.537325349301397,-0.28298957640275,0.820314925704147,22545
1000,GBRT 8,Causal Isotonic,28,0.154432709892827,0.137749660290347,0.174380368266379,0.500529272860516,-0.26577640257308,0.766305675433597,12281
1000,GBRT 8,Causal Isotonic,12,-0.429676496702679,-0.448394604251523,-0.411764426373066,0,0,0,15939
1000,GBRT 8,Causal Isotonic,18,-0.209723152490458,-0.228592820106362,-0.191961135518306,0,0,0,34092
1000,GBRT 8,Causal Isotonic,11,-0.466339780070715,-0.485030731646274,-0.448398841876361,0,0,0,14063
1000,GBRT 8,Causal Isotonic,29,0.191161251847013,0.174383181669907,0.211014993724333,0.472422715511371,-0.216396568160153,0.688819283671524,7343
1000,GBRT 8,Causal Isotonic,15,-0.319804848221217,-0.338493175678026,-0.301861615882382,0,0,0,22700
1000,GBRT 8,Causal Isotonic,2,-0.795878996428214,-0.814711083544759,-0.778107639787869,0,0,0,3665
1000,GBRT 8,Causal Isotonic,1,-0.831928292702053,-0.851372639040915,-0.814755919052737,0,0,0,2920
1000,GBRT 8,Causal Isotonic,6,-0.649388585197549,-0.668194767823341,-0.631570980200623,0,0,0,7528
1000,RF,Causal Isotonic,24,-0.0178680075895764,-0.0352346010079187,-0.00368624056875228,0.00347502253427582,-0.0120439774182836,0.0155189999525594,168632
1000,RF,Causal Isotonic,9,-0.492433854283886,-0.508462344033306,-0.476917057957017,0,0,0,11373
1000,RF,Causal Isotonic,19,-0.176897015886098,-0.192976506156744,-0.16143027114051,0,0,0,31674
1000,RF,Causal Isotonic,10,-0.460874426676958,-0.47691432216237,-0.445371655888383,0,0,0,12455
1000,RF,Causal Isotonic,13,-0.36615923813729,-0.382270089278342,-0.350722686969365,0,0,0,16588
1000,RF,Causal Isotonic,5,-0.618554738334292,-0.634658660905628,-0.603111769435657,0,0,0,7128
1000,RF,Causal Isotonic,21,-0.113554553577973,-0.129879906275795,-0.098332239047822,0,0,0,45170
1000,RF,Causal Isotonic,11,-0.429372398530905,-0.445366848243126,-0.41381962554689,0,0,0,13581
1000,RF,Causal Isotonic,17,-0.240011243827212,-0.256075130808406,-0.22452894850015,0,0,0,24558
1000,RF,Causal Isotonic,27,0.0734448844075958,0.0594116910746452,0.0909592160753031,0.489817016437507,-0.24470174713119,0.734518763568696,19346
1000,RF,Causal Isotonic,23,-0.0496175536249524,-0.0667832505881903,-0.035234960725923,0,0,0,90037
1000,RF,Causal Isotonic,6,-0.587137694793166,-0.603108552311148,-0.571571115604585,0,0,0,8010
1000,RF,Causal Isotonic,25,0.00907767209466352,-0.00368596166806595,0.0278624410164813,0.518198689542855,-0.247115858046434,0.765314547589289,132015
1000,RF,Causal Isotonic,2,-0.712957214811186,-0.729286778542765,-0.697763766508253,0,0,0,4353
1000,RF,Causal Isotonic,4,-0.649978886259606,-0.6662062744337,-0.634664505220205,0,0,0,5990
1000,RF,Causal Isotonic,1,-0.744563347071769,-0.760853896779857,-0.729306126788928,0,0,0,3484
1000,RF,Causal Isotonic,22,-0.0817522765958093,-0.0983320694808904,-0.0667843841886455,0,0,0,59323
1000,RF,Causal Isotonic,26,0.0412067904947397,0.0278625884227436,0.0594078647654067,0.566397108232732,-0.270060476863545,0.836457585096276,43157
1000,RF,Causal Isotonic,29,0.136925285388852,0.122509834419303,0.154053029517907,0.385800508259212,-0.212515883100381,0.598316391359593,6296
1000,RF,Causal Isotonic,14,-0.33477082591684,-0.350718171295627,-0.319174325477584,0,0,0,18157
1000,RF,Causal Isotonic,30,0.168819661883999,0.154064724449205,0.185605916707053,0.363885429638854,-0.18879202988792,0.552677459526775,4015
1000,RF,Causal Isotonic,16,-0.271500552499887,-0.287620729168705,-0.256076642997561,0,0,0,22037
1000,RF,Causal Isotonic,20,-0.145186405096763,-0.161429359869138,-0.129882295950255,0,0,0,37068
1000,RF,Causal Isotonic,8,-0.523923746185973,-0.540012204886805,-0.508465269870016,0,0,0,10246
1000,RF,Causal Isotonic,3,-0.681671439499247,-0.697746389688732,-0.666208358981827,0,0,0,5213
1000,RF,Causal Isotonic,18,-0.208464364204153,-0.22452659142568,-0.192978844989332,0,0,0,27471
1000,RF,Causal Isotonic,12,-0.397803258175438,-0.413817458006123,-0.382271028396454,0,0,0,14893
1000,RF,Causal Isotonic,15,-0.303130845946462,-0.31917217171038,-0.287627643570419,0,0,0,19797
1000,RF,Causal Isotonic,7,-0.555523733214752,-0.571560303693029,-0.540017848822952,0,0,0,9199
1000,RF,Causal Isotonic,28,0.10535089338546,0.0909613751703714,0.122507579419531,0.425843115334451,-0.230948388298863,0.656791503633315,10734
2000,GLMnet,Causal Isotonic,2,-0.359089240167631,-0.367923121235052,-0.35131644413726,0,0,0,10578
2000,GLMnet,Causal Isotonic,10,-0.226675396521362,-0.235048653866683,-0.218439584201005,0,0,0,36382
2000,GLMnet,Causal Isotonic,19,-0.0772381300065575,-0.0855609673777081,-0.0689543139576472,0.00779972660752097,-0.0385965852743306,0.0463963118818516,37309
2000,GLMnet,Causal Isotonic,14,-0.160298473230525,-0.168610225402121,-0.152000929523014,0,0,0,37325
2000,GLMnet,Causal Isotonic,16,-0.127095780242278,-0.135390903840469,-0.118781787239839,0.000586119621686426,-0.00548821100306381,0.00607433062475023,37535
2000,GLMnet,Causal Isotonic,18,-0.0938347552048512,-0.102171230501577,-0.0855624674645893,0.00364876655826128,-0.0191692445995611,0.0228180111578224,37821
2000,GLMnet,Causal Isotonic,4,-0.326103570696145,-0.334705598026055,-0.318097475030954,0,0,0,19636
2000,GLMnet,Causal Isotonic,15,-0.143676415092855,-0.152000256892306,-0.135391134931785,0.000106131762583247,-0.00175117408262358,0.00185730584520682,37689
2000,GLMnet,Causal Isotonic,23,-0.0108849048521354,-0.0191233958354813,-0.00251410376133385,0.0829771392328268,-0.207870281002675,0.290847420235502,36263
2000,GLMnet,Causal Isotonic,12,-0.193465666475966,-0.201828860970932,-0.185220080911762,0,0,0,37291
2000,GLMnet,Causal Isotonic,21,-0.0440596210245925,-0.0523423331511467,-0.0357337989643128,0.0286421593419757,-0.0948971171506908,0.123539276492666,37567
2000,GLMnet,Causal Isotonic,28,0.0717924730002538,0.0639249188891234,0.0805343423692888,0.0997431028705462,-0.0891321344800626,0.188875237350609,17906
2000,GLMnet,Causal Isotonic,17,-0.11048159594323,-0.118780499288259,-0.102172641891515,0.0016710875331565,-0.0105305039787798,0.0122015915119363,37700
2000,GLMnet,Causal Isotonic,24,0.00570954828285173,-0.00251379272039694,0.0140955204735054,0.349782419495213,-0.199042645778938,0.548825065274151,34470
2000,GLMnet,Causal Isotonic,25,0.0222072903847656,0.0140962275049568,0.0307051612214814,0.315023310392947,-0.167263962449653,0.482287272842599,31531
2000,GLMnet,Causal Isotonic,13,-0.176947778805736,-0.185219711935095,-0.168610262109043,0,0,0,37297
2000,GLMnet,Causal Isotonic,5,-0.309549152042791,-0.318096915987273,-0.301488125178917,0,0,0,23729
2000,GLMnet,Causal Isotonic,11,-0.210161132013522,-0.218437986961743,-0.201829742709067,0,0,0,36877
2000,GLMnet,Causal Isotonic,9,-0.243287205882197,-0.251658216192936,-0.235049475199438,0,0,0,35322
2000,GLMnet,Causal Isotonic,6,-0.293025646030581,-0.301486371505262,-0.284877842033269,0,0,0,27912
2000,GLMnet,Causal Isotonic,1,-0.375591346964708,-0.384535576772365,-0.367927516661844,0,0,0,6950
2000,GLMnet,Causal Isotonic,26,0.0387924597024257,0.030705544639287,0.0473127584620801,0.238308457711443,-0.142395167022033,0.380703624733475,28140
2000,GLMnet,Causal Isotonic,22,-0.0274984575681042,-0.035732801392808,-0.0191234599999171,0.0553417529405388,-0.154452815870779,0.209794568811318,36898
2000,GLMnet,Causal Isotonic,7,-0.276443583965185,-0.284877534800932,-0.2682682785931,0,0,0,31350
2000,GLMnet,Causal Isotonic,8,-0.259882952170937,-0.268267875538721,-0.251658564075257,0,0,0,33964
2000,GLMnet,Causal Isotonic,3,-0.342523170234475,-0.351316194520435,-0.334706672238227,0,0,0,14541
2000,GLMnet,Causal Isotonic,20,-0.0606430415766805,-0.068952030853755,-0.05234274723866,0.0132657146670226,-0.0543173628720139,0.0675830775390364,37465
2000,GLMnet,Causal Isotonic,27,0.0553402395923332,0.0473156319323434,0.0639245051763857,0.161403955521603,-0.118580765639589,0.279984721161192,23562
2000,GLMnet,Causal Isotonic,30,0.104804199945839,0.0971448645942534,0.113753687179792,0.0324219695136705,-0.0603677715944834,0.0927897411081539,8266
2000,GLMnet,Causal Isotonic,29,0.0883349244061912,0.0805358023580944,0.0971414672603514,0.0551713297705124,-0.0682175416535681,0.12338887142408,12724
2000,GBRT 8,Causal Isotonic,10,-0.487881877534157,-0.504508372740352,-0.472021819469189,0,0,0,11749
2000,GBRT 8,Causal Isotonic,22,-0.0977268707615872,-0.114646353423823,-0.0821596236608127,0,0,0,58034
2000,GBRT 8,Causal Isotonic,26,0.0296122037526339,0.015307028307725,0.0477950441064645,0.559622157836347,-0.365229473412104,0.924851631248452,92843
2000,GBRT 8,Causal Isotonic,24,-0.0325431731262931,-0.0496698767432866,-0.0171816112008181,0.000239293898925939,-0.00130691283259551,0.00154620673152145,108653
2000,GBRT 8,Causal Isotonic,17,-0.260425987282103,-0.27708996577322,-0.244601705428281,0,0,0,24792
2000,GBRT 8,Causal Isotonic,19,-0.195443369703678,-0.2121120647488,-0.179626498586388,0,0,0,32447
2000,GBRT 8,Causal Isotonic,7,-0.585371094394548,-0.601974430746119,-0.569487855280701,0,0,0,8064
2000,GBRT 8,Causal Isotonic,23,-0.0650400642487274,-0.0821575395600765,-0.0496702550978293,0,0,0,76951
2000,GBRT 8,Causal Isotonic,25,-0.000948140642787255,-0.0171815171539703,0.015306932650856,0.319281693431097,-0.143563349183503,0.4628450426146,132701
2000,GBRT 8,Causal Isotonic,21,-0.130301432729816,-0.147135487701411,-0.114647356443063,0,0,0,45960
2000,GBRT 8,Causal Isotonic,12,-0.422998775967116,-0.439531813150243,-0.407046765437816,0,0,0,14679
2000,GBRT 8,Causal Isotonic,27,0.0615927026588388,0.0477955864546251,0.0802834586545663,0.450924147564291,-0.360380135192437,0.811304282756728,40091
2000,GBRT 8,Causal Isotonic,30,0.16009340877363,0.145261800658355,0.177749711340294,0.377704512672574,-0.227282093550381,0.604986606222955,4853
2000,GBRT 8,Causal Isotonic,14,-0.358063030572759,-0.374555353740128,-0.342068645943196,0,0,0,17899
2000,GBRT 8,Causal Isotonic,13,-0.390511675643266,-0.407043486634253,-0.374555738395275,0,0,0,16074
2000,GBRT 8,Causal Isotonic,15,-0.325465428953548,-0.342065836497926,-0.309578550457353,0,0,0,19855
2000,GBRT 8,Causal Isotonic,20,-0.162928554230278,-0.179623916523608,-0.147136133856189,0,0,0,38168
2000,GBRT 8,Causal Isotonic,16,-0.292940462228167,-0.30957549088614,-0.277090634187766,0,0,0,22097
2000,GBRT 8,Causal Isotonic,9,-0.520434475192013,-0.53699411899534,-0.504512497827989,0,0,0,10368
2000,GBRT 8,Causal Isotonic,18,-0.2279842055034,-0.244600470838268,-0.212112946067645,0,0,0,28117
2000,GBRT 8,Causal Isotonic,11,-0.455592027968466,-0.472021113116416,-0.439539998398858,0,0,0,13033
2000,GBRT 8,Causal Isotonic,28,0.0945258416055932,0.080285052167482,0.112770740004172,0.420844480632779,-0.315284401535419,0.736128882168198,17194
2000,GBRT 8,Causal Isotonic,29,0.127455957444906,0.112782570539289,0.145252785098629,0.400251227589357,-0.264930912412927,0.665182140002284,8757
2000,GBRT 8,Causal Isotonic,8,-0.552895337133401,-0.569484454668378,-0.536998637116374,0,0,0,9212
2000,GBRT 8,Causal Isotonic,4,-0.682698158818665,-0.699437943848526,-0.666954846025502,0,0,0,5238
2000,GBRT 8,Causal Isotonic,5,-0.65045365473276,-0.666940975109376,-0.63446498969773,0,0,0,6127
2000,GBRT 8,Causal Isotonic,3,-0.71526361096713,-0.731915155026734,-0.69944618445921,0,0,0,4355
2000,GBRT 8,Causal Isotonic,6,-0.617893554589409,-0.63446042515938,-0.601979042639518,0,0,0,7123
2000,GBRT 8,Causal Isotonic,2,-0.747705776216053,-0.764416888866523,-0.731948228467294,0,0,0,3573
2000,GBRT 8,Causal Isotonic,1,-0.779711712248343,-0.796906609236659,-0.76441868196501,0,0,0,2993
2000,RF,Causal Isotonic,7,-0.552585861317891,-0.568213080004592,-0.537416449127947,0,0,0,9574
2000,RF,Causal Isotonic,22,-0.0901288943899325,-0.10619334934986,-0.075393679386562,0,0,0,51418
2000,RF,Causal Isotonic,26,0.0296033011706065,0.0170120227741299,0.0478121697782409,0.590903915285391,-0.316036891845731,0.906940807131122,61477
2000,RF,Causal Isotonic,23,-0.0589170020793389,-0.0753926594843095,-0.044592284852715,0,0,0,72852
2000,RF,Causal Isotonic,12,-0.398608938630636,-0.414205171949808,-0.383409553906353,0,0,0,15324
2000,RF,Causal Isotonic,21,-0.121111949311362,-0.136995058580161,-0.106195425865993,0,0,0,40934
2000,RF,Causal Isotonic,24,-0.027265372652587,-0.0445912060799905,-0.0137902224823957,0.000357858029344358,-0.00207862217044702,0.00243648019979138,131337
2000,RF,Causal Isotonic,13,-0.367803104431618,-0.383402904464508,-0.352607882461892,0,0,0,16568
2000,RF,Causal Isotonic,18,-0.213706255853184,-0.229398884013158,-0.198598117582448,0,0,0,26695
2000,RF,Causal Isotonic,27,0.0612125023343248,0.0478128085836466,0.0786133134123913,0.513895141816396,-0.298612532230999,0.812507674047395,24433
2000,RF,Causal Isotonic,25,2.57530571550754e-05,-0.013790016702601,0.0170108635152242,0.307040832124406,-0.159400677763952,0.466441509888358,174397
2000,RF,Causal Isotonic,29,0.123574304312825,0.10941683499189,0.140187973553001,0.397158922758212,-0.248446285883397,0.64560520864161,6758
2000,RF,Causal Isotonic,9,-0.490910718282875,-0.506608429288622,-0.475810998848712,0,0,0,11908
2000,RF,Causal Isotonic,17,-0.244531363051015,-0.260200511956629,-0.229399514542425,0,0,0,23866
2000,RF,Causal Isotonic,28,0.0923884942791179,0.0786141108115709,0.109413289244273,0.445924829344518,-0.276091783863805,0.722016613208323,12159
2000,RF,Causal Isotonic,16,-0.275410635754458,-0.291000981398776,-0.260201011310481,0,0,0,21363
2000,RF,Causal Isotonic,10,-0.460121342926678,-0.47580864777789,-0.445009203227485,0,0,0,12758
2000,RF,Causal Isotonic,19,-0.182886512191778,-0.198597164536189,-0.167796835430342,0,0,0,29893
2000,RF,Causal Isotonic,14,-0.336992615418463,-0.352601138740722,-0.321805313852507,0,0,0,17994
2000,RF,Causal Isotonic,15,-0.306130946048506,-0.321802724345134,-0.291001867610123,0,0,0,19860
2000,RF,Causal Isotonic,20,-0.151986161291017,-0.167796138177871,-0.136995589276667,0,0,0,34937
2000,RF,Causal Isotonic,8,-0.521826305724375,-0.537405754549659,-0.506612599631086,0,0,0,10735
2000,RF,Causal Isotonic,1,-0.736861354818937,-0.753021257741133,-0.722220533849496,0,0,0,3656
2000,RF,Causal Isotonic,11,-0.429374525545868,-0.445007276072218,-0.414208199254308,0,0,0,14140
2000,RF,Causal Isotonic,30,0.154346033847402,0.140222775713584,0.171017436404451,0.37520583392143,-0.231945424605975,0.607151258527405,4251
2000,RF,Causal Isotonic,6,-0.583127226630469,-0.599006673636388,-0.568219533744148,0,0,0,8551
2000,RF,Causal Isotonic,2,-0.706240271441109,-0.722211467635205,-0.691421842432549,0,0,0,4615
2000,RF,Causal Isotonic,3,-0.675305430937788,-0.691390673965975,-0.660619355297649,0,0,0,5577
2000,RF,Causal Isotonic,5,-0.614112450407245,-0.629815224408672,-0.599018905697808,0,0,0,7454
2000,RF,Causal Isotonic,4,-0.644882212460682,-0.660586928612898,-0.629816590187014,0,0,0,6516
5000,GLMnet,Causal Isotonic,12,-0.189492765915414,-0.197672995406429,-0.18131022974332,0,0,0,35739
5000,GLMnet,Causal Isotonic,16,-0.12401537494751,-0.132218554289584,-0.115855293500135,0,0,0,35901
5000,GLMnet,Causal Isotonic,14,-0.156735211375002,-0.16494504874976,-0.148582493464954,0,0,0,35797
5000,GLMnet,Causal Isotonic,5,-0.303789468511807,-0.312218028589752,-0.295856173107455,0,0,0,26631
5000,GLMnet,Causal Isotonic,13,-0.173165810796761,-0.181308978349341,-0.164946556054974,0,0,0,35679
5000,GLMnet,Causal Isotonic,24,0.00685881656888065,-0.00130989650684134,0.0150534225360791,0.465475741669808,-0.230751384740307,0.696227126410115,34483
5000,GLMnet,Causal Isotonic,22,-0.0258785005806782,-0.0340370168052003,-0.0176737342794843,0.020452432599938,-0.0605121559568414,0.0809645885567795,35497
5000,GLMnet,Causal Isotonic,17,-0.107646674953355,-0.115855086245967,-0.0994916624660489,0,0,0,35784
5000,GLMnet,Causal Isotonic,23,-0.00958839310543691,-0.0176735595413237,-0.00131025072446262,0.043794386202232,-0.112135046781648,0.15592943298388,35484
5000,GLMnet,Causal Isotonic,26,0.0393880785886803,0.0314173132666688,0.0477805926010432,0.320909312785468,-0.177574003695827,0.498483316481294,28681
5000,GLMnet,Causal Isotonic,18,-0.0913012225576104,-0.0994911793702273,-0.0831281553160226,0.000138634725225975,-0.000887262241446238,0.00102589696667221,36066
5000,GLMnet,Causal Isotonic,7,-0.271227227696284,-0.279490669617394,-0.263129426243245,0,0,0,33047
5000,GLMnet,Causal Isotonic,6,-0.287558998728417,-0.295854306645479,-0.279491225011902,0,0,0,30634
5000,GLMnet,Causal Isotonic,8,-0.254923409031741,-0.263126933240339,-0.246764472144308,0,0,0,34386
5000,GLMnet,Causal Isotonic,27,0.0557177700716584,0.0477809564307078,0.0641435072368706,0.227338426595086,-0.13797233119967,0.365310757794755,24215
5000,GLMnet,Causal Isotonic,15,-0.140365304496981,-0.14858212985202,-0.13221878012972,0,0,0,35450
5000,GLMnet,Causal Isotonic,11,-0.205860045948965,-0.214035896014608,-0.197673556580168,0,0,0,35388
5000,GLMnet,Causal Isotonic,19,-0.0749789198318346,-0.0831279259424502,-0.0667648874946355,0.00128967141415274,-0.00636424806549288,0.00765391947964562,35668
5000,GLMnet,Causal Isotonic,4,-0.320063246281856,-0.328579831309513,-0.312218280138672,0,0,0,22105
5000,GLMnet,Causal Isotonic,10,-0.222186370650189,-0.230400019250628,-0.214037519345764,0,0,0,35376
5000,GLMnet,Causal Isotonic,20,-0.058579748943238,-0.0667642517766744,-0.0504010443896702,0.0034321111669178,-0.015263128522797,0.0186952396897148,35838
5000,GLMnet,Causal Isotonic,29,0.0882037457860801,0.0805094818276607,0.0968696484248093,0.0395934787211518,-0.0611193450490507,0.100712823770203,14169
5000,GLMnet,Causal Isotonic,3,-0.336327531943646,-0.344944460889021,-0.328582075405547,0,0,0,17666
5000,GLMnet,Causal Isotonic,9,-0.238576802490609,-0.246763437667392,-0.23040029935681,0,0,0,35206
5000,GLMnet,Causal Isotonic,21,-0.0422185744910763,-0.0504005454873986,-0.0340372665501774,0.0101667229920018,-0.0378224625436521,0.0479891855356539,35508
5000,GLMnet,Causal Isotonic,25,0.0231557914159998,0.0150543533646663,0.0314166173755197,0.415250015567595,-0.210069120119559,0.625319135687154,32118
5000,GLMnet,Causal Isotonic,28,0.0719548401528658,0.0641445159137285,0.0805070107812994,0.110316071244724,-0.0943065994028621,0.204622670647586,19426
5000,GLMnet,Causal Isotonic,30,0.104398627306875,0.0968720261100075,0.113235046185502,0.0145568255337503,-0.0318093594996765,0.0463661850334268,9274
5000,GLMnet,Causal Isotonic,2,-0.352688012729707,-0.361307581585143,-0.344945432817252,0,0,0,12613
5000,GLMnet,Causal Isotonic,1,-0.368900605306713,-0.377672493968075,-0.361310003709227,0,0,0,8171
5000,GBRT 8,Causal Isotonic,25,-0.0451057922363958,-0.0597613667517442,-0.0324206450698062,0,0,0,97954
5000,GBRT 8,Causal Isotonic,11,-0.428711395050832,-0.442537667933206,-0.415197291604194,0,0,0,12255
5000,GBRT 8,Causal Isotonic,7,-0.53787820256404,-0.551900016390092,-0.524562605382762,0,0,0,8195
5000,GBRT 8,Causal Isotonic,24,-0.0725896976297059,-0.0871022531506787,-0.0597617753960285,0,0,0,66608
5000,GBRT 8,Causal Isotonic,14,-0.346645233416973,-0.360512588245587,-0.333174327832773,0,0,0,15816
5000,GBRT 8,Causal Isotonic,27,0.00767369794609195,-0.00507908096640509,0.0222614828493085,0.371543443904916,-0.291730468462124,0.66327391236704,122123
5000,GBRT 8,Causal Isotonic,23,-0.100179197246796,-0.114443268263544,-0.0871027829962102,0,0,0,49469
5000,GBRT 8,Causal Isotonic,26,-0.01834488343405,-0.0324202077661663,-0.00507916412104698,0.00269651106020205,-0.0122131670860405,0.0149096781462425,133135
5000,GBRT 8,Causal Isotonic,18,-0.237205550054197,-0.251149332057249,-0.223808693597253,0,0,0,22811
5000,GBRT 8,Causal Isotonic,28,0.0335461787471284,0.0222623591361803,0.0496025583488423,0.235467152262222,-0.357963300182098,0.59343045244432,57112
5000,GBRT 8,Causal Isotonic,15,-0.319327092275958,-0.333170572486366,-0.305836889383652,0,0,0,17051
5000,GBRT 8,Causal Isotonic,12,-0.401200919643285,-0.415196190875971,-0.387858253094781,0,0,0,13229
5000,GBRT 8,Causal Isotonic,20,-0.18251735336496,-0.196467157827285,-0.169126606233585,0,0,0,29071
5000,GBRT 8,Causal Isotonic,22,-0.127705293056773,-0.141784816242245,-0.114444058924626,0,0,0,39955
5000,GBRT 8,Causal Isotonic,8,-0.510357737504184,-0.524560753725036,-0.497222204358937,0,0,0,9171
5000,GBRT 8,Causal Isotonic,3,-0.647404946729878,-0.661262140118478,-0.633935355205077,0,0,0,4231
5000,GBRT 8,Causal Isotonic,16,-0.291966017021315,-0.30583134404197,-0.278491515214486,0,0,0,18732
5000,GBRT 8,Causal Isotonic,21,-0.155082173608753,-0.16912600718814,-0.141785087919279,0,0,0,33288
5000,GBRT 8,Causal Isotonic,19,-0.209863690569404,-0.223807785673188,-0.196469344914772,0,0,0,25338
5000,GBRT 8,Causal Isotonic,5,-0.592434940203926,-0.606581370148347,-0.579244164827284,0,0,0,6259
5000,GBRT 8,Causal Isotonic,29,0.0608324853520544,0.0496035888636648,0.076943832538525,0.164225598426057,-0.258771450431741,0.422997048857799,18298
5000,GBRT 8,Causal Isotonic,17,-0.264579387361527,-0.278489794157052,-0.251152461479459,0,0,0,20358
5000,GBRT 8,Causal Isotonic,10,-0.455973701284801,-0.469875131418284,-0.442538138727798,0,0,0,11118
5000,GBRT 8,Causal Isotonic,6,-0.565304962233397,-0.579243349040231,-0.551904218981663,0,0,0,7218
5000,GBRT 8,Causal Isotonic,13,-0.374024730240152,-0.387854734088121,-0.360515264996286,0,0,0,14670
5000,GBRT 8,Causal Isotonic,30,0.0886392067856137,0.0769463703929795,0.10428548594294,0.173828125,-0.184495192307692,0.358323317307692,6656
5000,GBRT 8,Causal Isotonic,4,-0.619818306713637,-0.633921875093343,-0.606585371065602,0,0,0,5287
5000,GBRT 8,Causal Isotonic,9,-0.483265902078649,-0.497216488795928,-0.469884261421665,0,0,0,10071
5000,GBRT 8,Causal Isotonic,1,-0.701673782108709,-0.715949912284164,-0.688609419457464,0,0,0,2957
5000,GBRT 8,Causal Isotonic,2,-0.67455831533919,-0.688602784566777,-0.661283874925149,0,0,0,3564
5000,RF,Causal Isotonic,24,-0.0368002275927992,-0.0533646587508198,-0.0233914422335808,0,0,0,96601
5000,RF,Causal Isotonic,13,-0.367903368695759,-0.383081031290076,-0.353108892635371,0,0,0,16591
5000,RF,Causal Isotonic,26,0.0184375425568632,0.0065831918428003,0.0365561117404166,0.608609671308728,-0.358573242573742,0.967182913882471,96078
5000,RF,Causal Isotonic,23,-0.0675475214581003,-0.0833385485505726,-0.0533660905238168,0,0,0,61023
5000,RF,Causal Isotonic,5,-0.607302455418966,-0.622871255682035,-0.592901894715875,0,0,0,7529
5000,RF,Causal Isotonic,15,-0.308050841285275,-0.32313241055549,-0.293160981892215,0,0,0,19545
5000,RF,Causal Isotonic,25,-0.00763767688251317,-0.0233912671144599,0.00658282743166657,0.147027118878074,-0.076529718190942,0.223556837069016,188319
5000,RF,Causal Isotonic,22,-0.0977636642609286,-0.113312318852067,-0.0833405420525176,0,0,0,46530
5000,RF,Causal Isotonic,28,0.0797869523269492,0.0665349945009516,0.0964932374728594,0.500304692260817,-0.375922540456361,0.876227232717178,14769
5000,RF,Causal Isotonic,21,-0.127932380106365,-0.143286895399156,-0.113314138528116,0,0,0,38437
5000,RF,Causal Isotonic,14,-0.337931624112079,-0.353105849121445,-0.323136144241668,0,0,0,18042
5000,RF,Causal Isotonic,27,0.049353347523396,0.0365571923550354,0.0665295654991727,0.539272784511255,-0.378120572957658,0.917393357468912,31765
5000,RF,Causal Isotonic,10,-0.457857409384974,-0.472997765824334,-0.443032867842996,0,0,0,12972
5000,RF,Causal Isotonic,19,-0.187876405283551,-0.203236640901267,-0.173262522450907,0,0,0,28845
5000,RF,Causal Isotonic,17,-0.247942305408387,-0.263183024343782,-0.233210894953246,0,0,0,23245
5000,RF,Causal Isotonic,12,-0.397844215755308,-0.413055928716608,-0.383083851696776,0,0,0,15287
5000,RF,Causal Isotonic,16,-0.278058207916436,-0.293157628863883,-0.263185295181326,0,0,0,21348
5000,RF,Causal Isotonic,18,-0.217991669222751,-0.233208097235792,-0.203238434240894,0,0,0,25882
5000,RF,Causal Isotonic,1,-0.726952988399395,-0.742772407617444,-0.712810159280969,0,0,0,3518
5000,RF,Causal Isotonic,11,-0.427908124751875,-0.44302723489247,-0.413058585065498,0,0,0,13879
5000,RF,Causal Isotonic,4,-0.637347853256359,-0.652845176346821,-0.622879165040326,0,0,0,6351
5000,RF,Causal Isotonic,7,-0.547735880982475,-0.562923143553088,-0.532953512660549,0,0,0,9578
5000,RF,Causal Isotonic,20,-0.157959599922394,-0.173261652350104,-0.143288583836634,0,0,0,32796
5000,RF,Causal Isotonic,29,0.109914541484484,0.0965089520629678,0.126476095431188,0.445232873177655,-0.364598116372081,0.809830989549736,7751
5000,RF,Causal Isotonic,6,-0.577546197496793,-0.592900534231819,-0.562936082031384,0,0,0,8469
5000,RF,Causal Isotonic,2,-0.697417213793635,-0.712794265752255,-0.682845345182874,0,0,0,4474
5000,RF,Causal Isotonic,9,-0.4877191684845,-0.502972041102282,-0.473005566264033,0,0,0,11752
5000,RF,Causal Isotonic,3,-0.667230800666826,-0.682820073014956,-0.652857483017355,0,0,0,5415
5000,RF,Causal Isotonic,8,-0.517828425349396,-0.532952403853102,-0.502983726432002,0,0,0,10553
5000,RF,Causal Isotonic,30,0.14042354430779,0.126480290249915,0.156453873602994,0.407216494845361,-0.335910652920962,0.743127147766323,4656
